Net,Connections
BAT_RAW,J1.1; R1.1; U2.VIN; U3.IN
GND,J1.2; J2.2; J3.5; J4.1; U1.GND; U2.GND; U3.GND; U4.GND; U5.GND; SW1.2; SW2.2; D1.K
HEATER_PLUS,Q1.D; Q2.D; J2.1
SENSE_P,R1.1; U1.IN+
SENSE_N,R1.2; U1.IN-
ISENSE,U1.OUT; U4.PA0
BUCK_SW,U2.SW; L1.1
V5,L1.2; C12.1; C13.1; C14.1; U3.IN; Q1.S
V3V3,U3.OUT; U4.VDD; U5.VDD; J3.4; J4.2
SCL,U4.PA9; U5.SCL; J4.3
SDA,U4.PA10; U5.SDA; J4.4
DAC_OUT,U5.VOUT; U2.FB_TRIM
HEATER_EN,U4.PA6; Q3.B
GATE,Q3.C; Q1.G; Q2.G
SW_START,SW1.1; U4.PA1
SW_MODE,SW2.1; U4.PA2
STATUS,U4.PA3; R26.1
SWDIO,J3.1; U4.PA13
SWCLK,J3.2; U4.PA14
NRST,J3.3; U4.NRST
